{"data_price": {
    "name": "Salvator Mundi- Leonardo da Vinci",
    "price (in million USD)": 497.8 
},{
    "name":"Interchange- Willem de Kooning",
    "price (in million USD)": 343
},{
    "name":"The Card Players- Paul Cezanne",
    "price (in million USD)": 301
},{
    "name":"Nafea Faa Ipoipo-Paul Gauguin- Paul Gauguin",
    "price (in million USD)": 240 
},{
    "name":"Number 17A- Jackson Pollock",
    "price (in million USD)": 229
},{
    "name":"Wasserchlangen- Gustav Klimt",
    "price (in million USD)": 213.8
},{
    "name":"No.6- Mark Rothko",
    "price (in million USD)":213 
},{
    "name":"Pendant portrails of Maeten Soolmans and Oopjen Coppit- Rembrandit",
    "price (in million USD)": 206
},{
    "name":"Les Femmes d'Alger- Pablo Picasso",
    "price (in million USD)": 205
},{
    "name":"The Strandard Bearer- Rembrandt",
    "price (in million USD)": 198
}

}
// data is from: https://en.wikipedia.org/wiki/List_of_most_expensive_paintings
//